{
    "skillLevels": ["Beginner", "Intermediate", "Advanced"],
    "industries": ["eCommerce", "Education", "Blogging", "Portfolio", "Non-profit", "Real Estate"],
    "niches": ["Digital Products", "Language Learning", "Photography", "Fitness", "Cooking", "Travel"],
    "features": ["SEO", "Payment Integration", "Custom Forms", "Analytics", "Security", "Social Sharing"],
    "integrations": ["WooCommerce", "MailChimp", "Stripe", "PayPal", "Google Analytics", "Salesforce"],
    "existingPlugins": ["Yoast SEO", "Contact Form 7", "Elementor", "Jetpack", "Akismet"],
    "pricingOptions": ["Free", "Premium", "Both"]
}

